Référence	Désignation	Code Rayon	PV MB
12206684	PREPARATION FONDANT AU CHOCOLAT	EPIC	 4.50 CHF 
12226661	PREPARATION COEURS COULANTS AU CHOCOLAT	EPIC	 4.50 CHF 
12290993	KIT KAT TRIO	BONB	 1.95 CHF 
21033208	COLORATION FLASHBACK N15 NOIR	COLO	 4.95 CHF 
21033210	COLORATION FLASHBACK N3 CHATAIN CLAIR	COLO	 4.95 CHF 
21170	GATEAUX DOONUTS NAPPES ET MARBRES CHOCOLAT	EPIC	 9.50 CHF 
255400	3 BROSSES A DENTS FLEX PROTECT MEDIUM	HYGI	 2.75 CHF 
370536	12 MINI SACHETS DE SKITTLES AUX FRUITS	BONB	 4.50 CHF 
4231813	MALABAR TUTTI	BONB	 1.50 CHF 
4232209	SACHET DE SUCETTES GOUT CARAMBAR	BONB	 1.75 CHF 
504930	CIRE DIVINE FLEUR DE TIARE	BEAU	 7.50 CHF 
5281	DOUCHE HUILE PRECIEUSE EXTRA NOURRISSANTE AU MONOI	HYGI	 3.75 CHF 
5501N	DOUCHE ET BAIN LAIT HYDRATANT SMOOTHIE PASSION	HYGI	 5.50 CHF 
55120	SHAMPOING BEURRE DE CACAO HUILE DE COCO	HYGI	 3.50 CHF 
718012	TABLETTE CHOCOLAT NOIR SWISS PREMIUM	CHOC	 6.50 CHF 
995263N	DOUCHE GOMMAGE LE SUCRE DE VIOLETTE	HYGI	 2.95 CHF 
A9394202	SHAMPOING RECONSTITUANT TOTAL REPAIR 5 SOIN INTENSIF CHEVEUX ABIMES	HYGI	 3.50 CHF 
E000087	16 CLIPS EXTENSION CHEVEUX BLOND 46CM	COIF	 6.50 CHF 
GI2-VEN4	4 RASOIRS JETABLES VENUS 2 AGILITE	BEAU	 3.50 CHF 
L32451	TUBLE GUM TUTTI	BONB	 1.50 CHF 
ST04900	SET 3 PCS EPONGE KONJAC + BROSSE NETTOYANTE VISAGE + ROULEAU MASSANT	BEAU	 7.50 CHF 
ST10353	BOITE RANGEMENT RECTANGLE COUVERCLE EN BAMBOU	BEAU	 3.75 CHF 
CE00254	DOUDOUNE	VETH	 54.95 CHF 
CE00316	DOUDOUNE	VETH	 54.95 CHF 
CE00403	DOUDOUNE	VETH	 54.95 CHF 
CE00558	BLOUSON LAINAGE	VETH	 44.95 CHF 
GEO00034	PARKA A CAPUCHE FOURRURE DU S AU XXL	VETH	 119.00 CHF 
2038393	BOX 91 PCS	DROG	#N/A
68587150	48 TABLETTES LAVE VAISSELLE TOUT EN 1 + 48 OFFERTES	DROG	 17.95 CHF 
68587152	48 TABLETTES LAVE VAISSELLE TOUT EN 1 + 48 OFFERTES CITRON	DROG	 17.95 CHF 
3A13952	ROBE MAILLE UNI COL CONTRASTE DU S AU XL	VETF	 24.95 CHF 
3J16715M	DOUDOUNE LONGUE A CAPUCHE MARINE DU S AU XL	VETF	 79.95 CHF 
CE00579	PANTALON	VETH	 19.95 CHF 
CE00715	PANTALON	VETH	 19.95 CHF 
CE00789	GROS CARDIGAN	VETH	 24.95 CHF 
CE00847	PARKA	VETH	 64.95 CHF 
LA00179	MANTEAU GRIS COL FAUSSE FOURRURE DU S AU XL	VETF	 79.95 CHF 
MM00405	PULL A MOTIFS DU S AU XL	VETF	 19.95 CHF 
1.000.027.014	CREME VISAGE ANTI-RIDES RETINOL	BEAU	 4.95 CHF 
1.000.027.015	CREME VISAGE ANTI-TACHES NIACINAMIDE	BEAU	 4.95 CHF 
1.000.027.016	CREME VISAGE ILLUMINATRICE VITAMINE C	BEAU	 4.95 CHF 
4210880	BLOC WC ACTIVE CLEAN FRAICHEUR PIN	DROG	 1.95 CHF 
5249	MECHE DESODORISANTE LAVANDE	DROG	 2.50 CHF 
575032	30 MINI ETUIS DE 7 MOUCHOIRS PAPIER ULTRA SOFT	HYGI	 7.50 CHF 
BASMC4285	BASE DE TEINT HYDRATANTE PRIMER	MAQU	 3.75 CHF 
DB000039	SPRAY NETTOYANT OPTIQUE MULTI-USAGES	DROG	 3.75 CHF 
FAJMC429101	BLUSH VIBRATION LUMIERE 01 PECHE	MAQU	 3.75 CHF 
PCMC441103	POUDRE COMPACTE 03 ROSE BEIGE AVEC MIROIR ET EPONGE	MAQU	 3.75 CHF 
E000100	LAQUE BRILLANCE ET SOUPLESSE	BEAU	 3.50 CHF 
407B000/7646	PLAT A FOUR EN VERRE RECTANGLE 2,1L 31X20CM PYREX	CUIS	 8.50 CHF 
835B000/7644	MOULE A CAKE EN VERRE 28 CM TRANSPARENT	CUIS	 8.50 CHF 
BOCAIN038	BOCAL VERRE COUV INOX 750ML	TABL	 2.75 CHF 
GEO00048	VESTE SHERPA BIMATIERE 3 POCHES DU S AU XXL	VETH	 64.95 CHF 
RANGTR001	RANGE COUVERTS PLASTIQUE TRANSPARENT	TABL	 2.75 CHF 
127820	SHAMPOING ECLAT A L HUILE DE FRAMBOISE CHEVEUX COLORES	HYGI	 3.50 CHF 
3235801	69+31 TABLETTES LAVE-VAISSELLE TOUT EN 1	DROG	 14.95 CHF 
5006947	POUDRE DETACHANTE TEXTILE OXI ACTION ROSE COLOR SAFE	DROG	 22.95 CHF 
80689448	SPRAY DESODORISANT TEXTILE COUP DE FOUDRE	DROG	 4.95 CHF 
80689887	SPRAY DESODORISANT TEXTILE ENVOLEE D´AIR	DROG	 4.95 CHF 
AK00631	ROBE MAILLE DU S AU XL	VETF	 32.95 CHF 
MM00379	ROBE A CAPUCHE MAILLE MOUSSE DU S AU XL	VETF	 32.95 CHF 
HD7609/SU	LOT DE 4 CHAISES SCANDINAVE PP NOIR	DECO	 159.00 CHF 
HD7611/SU	LOT DE 4 CHAISES SCANDINAVE PP GRIS	DECO	 159.00 CHF 
RN00202	POCHETTE NOIRE	MARO	 24.95 CHF 
0355056.000	50 CHAUFFE-PLATS BLANCS COULE 4H	DECO	 3.75 CHF 
151177	PLANCHE A DECOUPER REBORD 35X24CM EN BAMBOU	TABL	 7.50 CHF 
KA61033/SM	PLATEAU PLASTIQUE INDIAN VIBES 45*31CM	TABL	 6.50 CHF 
ORPP50045OPSVID	OREILLER 45X70CM FIBRES POLYESTER 500G	CHAM	 7.50 CHF 
SANA057/24	3 TORCHONS EPONGE 45X65CM-50X70CM	TABL	 3.75 CHF 
ST03461	CLOCHE MICRO ONDES RETRACTABLE	TABL	 3.75 CHF 
ST07230	BOUGIE JARRE VERRE D95XH16.2CM	DECO	 7.50 CHF 
ST07789	4 SETS DE TABLE DENTELLE RONDS PVC 40CM	TABL	 4.95 CHF 
ST07790	4 SETS DE TABLE DENTELLE RECTANGLES PVC 45X30CM	TABL	 4.95 CHF 
ST10229	GLOBE DECORATIF PIED MARBRE BASE12.5X12.5X20CM	DECO	 10.95 CHF 
ST10308	TAPIS DE BAIN 45X75 CM TROPIC TOUCAN	SDEB	 8.50 CHF 
ST10525	40 SERVIETTES OUATE 33X33CM ETNIC	JETA	 2.75 CHF 
ST10526	40 SERVIETTES OUATE 33X33CM INDUS	JETA	 2.75 CHF 
ST11309	PLANCHE EN BAMBOU GRAVEE 24X48CM AVEC COUTEAU INOX	TABL	 7.50 CHF 
ST11745	BOCAL VERRE COUVERCLE CERAMIQUE PERSONNAGE RUBAN 250ML	TABL	 4.50 CHF 
ST29332239	40 SERVIETTES EN OUATE 33X33CM 3PLIS FLOCON CROCHET BLANC/SAUGE	JETA	 2.75 CHF 
ST29332240	40 SERVIETTES EN OUATE 33X33CM 3PLIS STARLIGHT VERT	JETA	 2.75 CHF 
116835	BROSSE WC BOULE GRIS	SDEB	 8.50 CHF 
514108-ST	BOUTEILLE EN VERRE AVEC PAILLE NOEL 8X11.5CM	TABL	 2.50 CHF 
776205B	PAPIER ALUMINIUM STANDARD QUICKPACK 20M	TABL	 2.75 CHF 
973028	SET DE TABLE ROND PAPIER FIBRE DOREE 39CM	TABL	 3.75 CHF 
98535	SERVIETTES KANGOUROU 40X40CM 3 ASST IMPRIMES NOIR ROUGE BLANC X20PCS	JETA	 2.75 CHF 
KP56991/SM	BOITES METAL AVEC 10 EMPORTES PIECES	TABL	 4.50 CHF 
ST02458	TAPIS DE SALLE DE BAIN 50X80CM	SDEB	 9.95 CHF 
ST05788	DESSOUS DE PLAT RONDIN BOIS	TABL	 2.75 CHF 
ST05801	20 SERVIETTES FORME NOEL 33X33CM	JETA	 1.95 CHF 
ST09346	SPATULE SILICONE DECOR NOEL MANCHE BOIS AVEC EMPORTE PIECE INOX	TABL	 3.75 CHF 
ST09420	MOULE A CHOCOLATS EN SILICONE FORMES NOEL 22CM	CUIS	 2.75 CHF 
ST09450	SET DE TABLE FEUTRINE AJOURE NOEL 45X30CM	TABL	 1.95 CHF 
ST09483	SET ENFANT CERAMIQUE DECOR NOEL ASSIETTE BOL MUG	ARTS	 8.50 CHF 
ST09624	OREILLER 45X70CM  100% POLYESTER TRAITE SANITIZED 550G	CHAM	 9.95 CHF 
ST10494	TABOURET A POIL  DIA30XH40CM	DECO	 24.95 CHF 
ST11738	BOCAL VERRE COUVERCLE CERAMIQUE PERSONNAGE RUBAN 1300ML	TABL	 6.50 CHF 
ST11869	BOCAL COUVERCLE CIRCUS 700ML	TABL	 3.50 CHF 
ST11877	BOCAL COUVERCLE CIRCUS 1200ML	TABL	 4.50 CHF 
ST22377	MINI PLAT BOULE NOEL 15.2X18CM	ARTS	 1.95 CHF 
ST29332245	40 SERVIETTES EN OUATE 33X33CM 3PLIS GUIRLANDE DE PIN VERT	JETA	 2.75 CHF 
ST29332246	40 SERVIETTES EN OUATE 33X33CM 3PLIS GUIRLANDE DE PIN TAUPE	JETA	 2.75 CHF 
116834	BROSSE WC BOULE BLANCHE	SDEB	 8.50 CHF 
145000	PLANTE GRASSE POT CERAMIQUE 13,5X13X12CM	DECO	 3.75 CHF 
311272	10 CINTRES PLASTIQUE NOIR PIVOTANT 41*0.6*22CM	RANG	 2.95 CHF 
426309-ST	CORBEILLE METAL XL 28.5X20.5CM	ARTS	 9.95 CHF 
48715470H	50 ASSIETTES EN CARTON 18CM BLANC	JETA	 3.50 CHF 
529001840	6 PINCES DE CONSERVATION CLIP PP 6.5X3CM	TABL	 1.75 CHF 
659531-ST	MINI BOL A RIZ PORCELAINE DECOR ETHNIQUE NOIR 12*5,6CM	ARTS	 3.50 CHF 
71174BH	40 SERVIETTES POINT POINT 38X38CM NOIR	JETA	 2.50 CHF 
724266	PLATEAU ROND TOURNANT BAMBOU DIAM 35CM	TABL	 9.95 CHF 
B5570423	POELE ORDINAIRE 24CM SIMPLY CLEAN	CUIS	 12.95 CHF 
BO50578/SM	BOUGIE MAISON JARDIN INDIAN VIBES	DECO	 4.95 CHF 
SSOC-1275C	PARURE HDC 240X260CM +2 TO 63X63 100% POLYESTER	CHAM	 22.95 CHF 
ST00567	ABATTANT WC BLANC 45CM ENV MDF FIXATION METAL	SDEB	 17.95 CHF 
ST03092	100 SERVIETTES BLANCHES 2 PLIS 33*33CM	JETA	 2.75 CHF 
ST04359	BOITE DE CONSERVATION CREPES	TABL	 3.75 CHF 
ST06843	POT A USTENSILES CERAMIQUE DECOR MOTS 15*11CM	TABL	 3.75 CHF 
ST06861	DECAPSULEUR MURAL JEU MDF 39*18,5*4CM	TABL	 6.50 CHF 
ST07561	ABATTANT WC ANIMAUX MDF CHARNIERES PLASTIQUE	SDEB	 19.95 CHF 
ST08113	BAC DE RANGEMENT POUR REFRIGERATEUR 31.5X16X9CM	TABL	 3.75 CHF 
ST09114	PLATEAU TOURNANT EN VERRE 45X H 2.3CM	TABL	 9.95 CHF 
ST10193	PLATEAU EN BOIS ET METAL 40X30CM	TABL	 9.95 CHF 
ST10799	SET 4 BOITES RONDES AVEC POIGNEE D12X6CM, D15X8CM, D18X12CM, D20X15CM	DECO	 9.95 CHF 
ST22490	BOL INOX GRADUE ANTIDERAPANT DIAM 18CM	TABL	 3.75 CHF 
ST22491	BOL INOX GRADUE ANTIDERAPANT DIAM 22CM	TABL	 4.95 CHF 
ST22492	BOL INOX GRADUE ANTIDERAPANT DIAM 26.5CM	TABL	 8.50 CHF 
ST29332242	40 SERVIETTES EN OUATE 33X33CM 3PLIS SEMIS ROUGE	JETA	 2.75 CHF 
ST29332243	40 SERVIETTES EN OUATE 33X33CM 3PLIS PINE&MAPLE LEAF	JETA	 2.75 CHF 
ST29332244	40 SERVIETTES EN OUATE 33X33CM 3PLIS OISEAUX COSY WINTER	JETA	 2.75 CHF 
ST9769	5 CINTRES EN BOIS 44,5 X 23	RANG	 6.50 CHF 
100178	PLANCHE A PAIN 34X26CM EN BAMBOU	TABL	 9.95 CHF 
123417	BROSSE WC BOULE NOIRE	SDEB	 8.50 CHF 
158963	GANT A FOUR TRICOTE	TABL	 3.75 CHF 
168054	COFFRET CAGE MANEGE +DIFFUSEUR DE PARFUM +BOUGIE D14 XH.19 CM 2 ASS	DECO	 12.95 CHF 
181491	PLANTE TOMBANTE 75X15X6	DECO	 3.75 CHF 
181849	ETAGERE 2 NIVEAUX METAL NOIR	TABL	 17.95 CHF 
187948	STATUETTE FEMME RESINE BLANC 25CM	DECO	 7.50 CHF 
50405	3 BONBONNIERES EN VERRE 600 ML - 10,5X13 CM	TABL	 9.95 CHF 
659535-ST	COUPELLE EN PORCELAINE DECOR ETHNIQUE NOIR 14*3CM	ARTS	 3.50 CHF 
AYMDV597	PARURE HDC 1PERS 140X200CM +TO LICENCE	CHAM	 22.95 CHF 
BO50572/SM	BOUGIE VERRE + COUVERCLE ME TOO 3 12.9X7.5CM	DECO	 4.50 CHF 
BO537552/SM	COFFRET BOUGIE INDIAN VIBES X12 PCS	DECO	 19.95 CHF 
J117250	2 BROSSES A VETEMENT  ADHESIVE+ 2 RECHARGES 10 FEUILLES	MENA	 1.50 CHF 
KA1099	PACK LUNCH BOX 75CL + BAG ISOTERME + PAIN DE GLACE	TABL	 6.50 CHF 
ME2751	PORTE EPONGE 10X8X8CM	MENA	 4.50 CHF 
PL353/SM	PARAPLUIE ENFANT CANNE TRANSPARENT IMPRIME MANUEL	CONF	 4.95 CHF 
SSOC-1275B	PARURE HDC 220X240CM +2 TO 63X63 100% POLYESTER	CHAM	 19.95 CHF 
ST03504	VOILAGE ESPRIT LIN 140X250CM	LIMA	 10.95 CHF 
ST04669	POUBELLE 3L AVEC COUVERCLE	SDEB	 12.95 CHF 
ST05305	4 SETS DE TABLE TISSES ROND DIA38CM	TABL	 7.50 CHF 
ST06603	MOT LOVE/HOME MDF + FLEURS SECHEES A SUSPENDRE OU POSER 40X4.5X15CM	DECO	 7.50 CHF 
ST06965	3 POELES INDUCTION EFFET PIERRE 20/24/28CM	CUIS	 32.95 CHF 
ST07109	VASE CERCLE  16.8X6.3X19.7CM	DECO	 7.50 CHF 
ST07110	VASE FORME U 16X6X14.3CM	DECO	 6.50 CHF 
ST07257	BOUGIE JARRE VERRE D95XH13,2CM	DECO	 4.95 CHF 
ST08824	RANGE COUVERTS PLASTIQUE ANTIDERAPANT 6 COMP 41X32.5CM	TABL	 7.50 CHF 
ST08825	RANGE COUVERTS PLASTIQUE ANTIDERAPANT 5 COMP 32.3X28.3CM	TABL	 7.50 CHF 
ST10649	2 TORCHONS IMPRIMEES COTON SERENITE 45X65CM	TABL	 4.50 CHF 
ST11305	GOURDE EN VERRE 450ML	TABL	 3.75 CHF 
125080	10 PR TIGES COURTES UNIES BLANC 39/46	CHOH	 7.50 CHF 
13891048	5 PR TIGES COURTES COTON UNI NOIR 36/41	CHOF	 6.50 CHF 
13891148	5 PR TIGES COURTES COTON UNI BLANC 36/41	CHOF	 6.50 CHF 
182236ST	PR CHAUSSETTES FANTAISIE  NOEL DISPLAY	CHOH	 2.75 CHF 
70176N	6 PR CHAUSSETTES UNIES 39/46 NOIRES	CHOH	 7.50 CHF 
70263	6 PR CHAUSSETTES TENNIS   43/46 BANDEROLE	CHOH	 9.95 CHF 
FILA2CSLOW93B35	3 PR SOCQUETTES BLANC     35/38	CHOF	 8.50 CHF 
FILA2CSLOW93N35	3 PR SOCQUETTES NOIR 35/38	CHOF	 8.50 CHF 
GF1413	ECHARPE EN LAINE BOITE	ACTH	 12.95 CHF 
GP00061	CULOTTE GAINANTE MAINTIEN LEGER	SVEF	 9.95 CHF 
LA00467	SAC BANDOUILLERE MATELASSE	MARO	 24.95 CHF 
NF00480	BODY NAF NAF 3/23M	PUER	 9.95 CHF 
PC02333	ENSEMBLE BONNET ET GANTS	ACTE	 9.95 CHF 
PC02659	5 PR CHAUSSETTES FANTAISIE PERMANENT 19/26	CHOE	 4.95 CHF 
PR00802	TANGA MICRO DENTELLE NOIR	LING	 4.95 CHF 
PR00838	SOUTIEN-GORGE PUSH UP   MICRO BASIQUE ANGELE NOIR	LING	 6.50 CHF 
SA00678	ECHARPE CHEVRON ET MOTIFS	ACTH	 9.95 CHF 
SPICYHIVER	SPICY BOXER MICRO	SVEH	 6.50 CHF 
ST10667	GRAND CHALE EPAIS LUREX + FRANGES	ACTF	 17.95 CHF 
ST10668	 ECHARPE PLAID MULTICO + FRANGES	ACTF	 17.95 CHF 
ST11753	COLLANT MICRO POLAIRE     6/14A	COLE	 5.75 CHF 
ST11754	LEGGING MICRO POLAIRE     6/14A	COLE	 5.75 CHF 
STO157121	3 BOXERS COTON COULEURS   S/XXL	SVEH	 17.95 CHF 
TO00045	PR COLLANT SCULPTANT 20D SABLE	COLF	 6.50 CHF 
TO00116	2 PR COLLANTS VOILE 15D   NOIR	COLF	 2.75 CHF 
TO00127	6 PR TIGE COURTE NOIR     36/41	CHOF	 6.50 CHF 
TO00136	3 PR CHAUSSETTE COTON     FANTAISIE PEAU DE BETE 35/38 39/41	CHOF	 4.95 CHF 
TR00193	SAC MOYEN CLASSIQUE	MARO	 24.95 CHF 
TW00410	SURPYJAMA NOEL CORAL FLEECE	NUIE	 19.95 CHF 
EA00511	SWEAT ZIPPE A CAPUCHE DU S AU XXL	VETH	 17.95 CHF 
GF0491	LOT 3 BOXERS COTON BIO UNI    BIG LOGO BOITE S/XXL	SVEH	 19.95 CHF 
GF1352	DOUDOUNE FINE AVEC CAPUCHE + LOGO POITRINE 8/12A	VETE	 34.95 CHF 
GF1361	POLO ML 3/6A	VETE	 17.95 CHF 
GF1404	PARKA A CAPUCHE MARINE DU M AU XXL	VETH	 79.95 CHF 
GP00620	PR GANTS CUIR TACTILE BOITE	ACTF	 19.95 CHF 
MAN00386	SAC A MAIN BANDOULIERE MATELASSE	MARO	 24.95 CHF 
MAN00389	SAC A MAIN BOUCLE + CLOU	MARO	 24.95 CHF 
MM00369	SWEAT FERME A CAPUCHE UNI DU S AU XL	VETF	 17.95 CHF 
MM00407	GILET DEGRADE DU S AU XL	VETF	 24.95 CHF 
MM00409	CALECON MAILLE DU S AU XL	VETF	 12.95 CHF 
NF00481	BODY NAF NAF 3/23M	PUER	 9.95 CHF 
PC02638	LOT DE 7 BAVOIRS	PUER	 8.50 CHF 
PC02655	2 PR COLLANT COTON FANTAISIE 0/23M	COLE	 6.50 CHF 
PC02670	5 PR CHAUSSETTES FANTAISIE 19/26	CHOE	 4.95 CHF 
PC02706	PARKA 9/36 MOIS	VETE	 32.95 CHF 
PR00636	PANTY EFFET GAINANT	SVEF	 7.50 CHF 
PR00834	SOUTIEN-GORGE COQUE NOIR   MICRO BASIQUE ANGELE	LING	 6.50 CHF 
RN00194	DOUDOUNE NOIRE	VETH	 119.00 CHF 
ST10816	GANT FAUSSE FOURRURE	ACTF	 8.50 CHF 
TO00044	PR COLLANT SCULPTANT 20D NOIR	COLF	 6.50 CHF 
TO00103	PR COLLANT OPAQUE FANTAISIE T2 A T4	COLF	 6.50 CHF 
UK00065	BOXER COTON UNI S/XXL	SVEH	 6.50 CHF 
AI00748	DOUDOUNE BICOLORE NOIR/GRIS	VETH	 79.95 CHF 
AI00749	DOUDOUNE BICOLORE CAMEL	VETH	 79.95 CHF 
EA00534	SWEAT ZIPPE DOUBLE SHERPA BEIGE DU S AU XXL	VETH	 24.95 CHF 
GEO00038	PARKA A CAPUCHE POCHES ZIPEES KAKI/MARINE DU S AU XXL	VETH	 99.00 CHF 
GF1321	DOUDOUNE SANS MANCHE ZIP DU M AU XXL	VETH	 24.95 CHF 
LF01293	PARKA A CAPUCHE FAUSSE FOURRURE 8/12A	VETE	 39.95 CHF 
LF01295	PARKA A CAPUCHE FAUSSE FOURRURE 3/6A	VETE	 37.95 CHF 
LI02023	PARKA A CAPUCHE FAUSSE FOURRURE 3/6A	VETE	 54.95 CHF 
LI02055	PULL TRICOT AVEC BRODERIE 3-6A	VETE	 12.95 CHF 
LI02056	PULL TRICOT AVEC BRODERIE 8-12A	VETE	 14.95 CHF 
LI02058	CARDIGAN AVEC BADGES 3-6A	VETE	 17.95 CHF 
LI02059	CARDIGAN AVEC BADGES 8-12A	VETE	 19.95 CHF 
MAN00278	DEBARDEUR VERT	NUIF	 6.50 CHF 
PC02283	POLO 3/36M	VETE	 9.95 CHF 
PC02371	SWEAT FAUSSE FOURRURE 3/36M	VETE	 12.95 CHF 
PC02725	COMBIPILOTE 3/18 MOIS	VETE	 37.95 CHF 
PC02740	PULL 3/23 MOIS	VETE	 17.95 CHF 
TO00126	6 PR TIGE COURTE BLANC    35/38 39/41	CHOF	 6.50 CHF 
70176A	6 PR CHAUSSETTES UNIES   ANTHRA MARINE 39/46	CHOH	 7.50 CHF 
LS00010	PARKA	VETH	 79.95 CHF 
LS00036	GROS PULL	VETF	 32.95 CHF 
PC02389	PULL TRICOT 3/36M	VETE	 17.95 CHF 
PR00832	STRING MICRO BASIQUE MARRON   ANGELE	LING	 3.75 CHF 
SB001911	DOUDOUNE	VETH	 99.00 CHF 
SB001915	VESTE ZIPPEE	VETH	 54.95 CHF 
AK00146	PARKA ZIPPES CAPUCHE FAUSSE FOURRURE INT DOUBLE SHERPA  S/XL	VETF	 79.95 CHF 
LI02024	PARKA A CAPUCHE FAUSSE FOURRURE 8/12A	VETE	 54.95 CHF 
MJ00194	MA DINETTE HAMBURGER	JOUE	 7.50 CHF 
SA00695	MANTEAU LAINAGE ANTHRACITE DOUBLE COL DETACHABLE DU M AU XXL	VETH	 99.00 CHF 
A0000004837	20 CAPSULES LESSIVE ROSEE DU MATIN	DROG	 9.95 CHF 
ABG100010	VDN 1 LED 2XAG13 PILES INCLUSES 9X6X7CM	DECN	 3.50 CHF 
ADO000130	LUTIN LED 2 ASS ROUGE/GRIS PILES NON INCLUSES	DECN	 24.95 CHF 
AX8405900	RIDEAU 180 LED 6M BLANC FROID	DECN	 19.95 CHF 
B11US01281	GEL DOUCHE POLYNESIE MANGUE ET MIEL DE FLEURS	HYGI	 2.75 CHF 
B5517	PACK DE 4 POTS PLAYDOH 3 ASSORTIS	JOUE	 4.95 CHF 
BK00314	CARNET COUVERTURE SOUPLE  A5 160 PAGES  2 ASST	PAPE	 3.75 CHF 
C8108	HUILE D ARGAN NOURISSANTE	BEAU	 4.50 CHF 
CFN00029	DETECTEUR LED X8 MOUVEMENTS REGLETTE 50 LUMENS	BRIC	 8.50 CHF 
DB000001	10 SACHETS DETACHANT + ANTI-TRANSFERT DE COULEUR	DROG	 3.75 CHF 
DB08000	40 DOSES LESSIVE LIQUIDE SAVON DE MARSEILLE	DROG	 5.75 CHF 
DI2658/SM	BOITE CADEAU NAISSANCE 39.5X33CM	PKDO	 1.95 CHF 
E000007	EPONGE A MAQUILLAGE	MAQU	 1.95 CHF 
E05601	SET DE 5 PINCEAUX MAQUILLAGE MULTI USAGES	MAQU	 2.95 CHF 
F00012	SAVON LIQUIDE FLEUR D'ORANGER	HYGI	 4.95 CHF 
F00079	MASQUE NUTRITION KARITE  ET MANGUE	BEAU	 2.95 CHF 
F00082	25 LINGETTES DEMAQUILLANTES HAMAMELIS ET HUILE AMANDE DOUCE	BEAU	 1.95 CHF 
HD9276/SM	3 BOULES DE NOEL 15CM RAYURES DORE/ROUGE	DECN	 10.95 CHF 
HD9488/SM	SAPIN ARTIFICIEL POPUP DECOR TRADI 150CM	DECN	 54.95 CHF 
M99251	GEL EXPRESS LAVAGE A LA MAIN	DROG	 2.50 CHF 
MJ00140	JOURNAL INTIME 2 MODELES	JOUE	 5.75 CHF 
ST01027	BOULE A NEIGE PN/BN/GNOME 6.5X6.5X8.5CM	DECN	 2.95 CHF 
LA00489	ROBE MAILLE DU S AU XL	VETF	 32.95 CHF 
MJ75158BW	DOUDOUNE SANS MANCHE ZIP DU S AU XXL	VETH	 37.95 CHF 
OX20BF4/7046	POELE OPTIMA STONE TOUS FEUX DONT INDUCTION 20CM	CUIS	 17.95 CHF 
OX24BF4/7046	POELE OPTIMA STONE TOUS FEUX DONT INDUCTION 24CM	CUIS	 19.95 CHF 
OX26BF4/7046	POELE OPTIMA STONE TOUS FEUX DONT INDUCTION 26CM	CUIS	 22.95 CHF 
OX28BF4/7046	POELE OPTIMA STONE TOUS FEUX DONT INDUCTION 28CM	CUIS	 24.95 CHF 
ST04249	STATUE ELEPHANT  POLYRESINE NOIR/DORE 12X6X9CM	DECO	 2.75 CHF 
195506	SUSPENSION DE NOEL ETOILE LIGNE CUIVRE 15 CM	DECN	 3.75 CHF 
ANR001010	AUTOMATE PERE NOEL/RENNE CHEMINEE CHANTANT/DANSANT 11.5X11.5X26CM	DECN	 22.95 CHF 
AX8405950	RIDEAU 180 LED 6M BLANC CHAUD	DECN	 19.95 CHF 
AX8510410	MICROCLUSTER EXT PGM 8FT CLI 560 LED MULTICO IP44 11M SECTEUR	DECN	 27.95 CHF 
BO5368/SM	BOUGIE VERRE MINI-BOCAL 6.5CM	DECN	 1.75 CHF 
BO5566/SM	BOUGIE VERRE JAR 13CM	DECN	 4.95 CHF 
C8106	MASQUE CHEVEUX ARGAN DIVIN	BEAU	 4.95 CHF 
DB08006	24 LINGETTES ANTI TRANSFERT DE COULEURS COLOR CAPTURE	DROG	 2.95 CHF 
E000095	500 MINI ELASTIQUES TRANSPARENT	COIF	 2.50 CHF 
F00062	GEL DOUCHE MONOI DE TAHITI	HYGI	 2.95 CHF 
FR04127A	LIQUIDE VAISSELLE EXTREME SELS MINERAUX	DROG	 2.75 CHF 
GW-14187	RL PAPIER CADEAU LICENCE 70X200	PKDO	 1.50 CHF 
GW-14763	RL PAPIER CADEAU DISNEY MIX 70X200	PKDO	 1.50 CHF 
GW-16439	RL PAPIER CADEAU HOME FOR CHRISTMAS ASSORTIMENT 70X200	PKDO	 1.50 CHF 
HD9488/SM	SAPIN ARTIFICIEL POPUP DECOR TRADI 150CM	DECN	 54.95 CHF 
HT1005	CASQUE AUDIO FILAIRE PLIABLE	HITC	 6.50 CHF 
M99448	SPRAY NETTOYANT SAVON DE MARSEILLE ET AGRUMES	DROG	 3.75 CHF 
MASMC3192	MASCARA  WATER & RESIST	MAQU	 3.75 CHF 
MASMC429101	MASCARA A L'HUILE DE RICIN 01 NOIR	MAQU	 3.75 CHF 
MJ00023	BAIGNOIRE ET ACCESSOIRES	JOUE	 9.95 CHF 
MJ00024	BIBERON + TIMBALE + SUCETTE	JOUE	 6.50 CHF 
MJ00194	MA DINETTE HAMBURGER	JOUE	 7.50 CHF 
MJ27471	SET DE DINETTE EN PLASTIQUE	JOUE	 8.50 CHF 
ML312224	CABLE DE CHARGE USB TYPE A VERS LIGHTNING 1M BLANC	HITC	 4.95 CHF 
SC28983	2 EPONGES DEMAQUILLANTES	BEAU	 2.75 CHF 
ST00109	GUIRLANDE LASER OR 8 PLIS 200X9CM 5 MC	DECN	 1.50 CHF 
ST11528	ECHELLE DE NOEL EN BOIS PERE NOEL 15.7X24.5CM	DECN	 1.95 CHF 
135100	GEL DOUCHE PLAISIR FRUITES PASSION MANDARINE	HYGI	 2.50 CHF 
187611/5	SACHET RECHARGE 200 COTON TIGES	HYGI	 1.50 CHF 
505263	2 BLOCS WC EAU BLEUE	DROG	 2.50 CHF 
ABG100800	VILLAGE SET DE 10PCS LED POLYRESINE 2 PILES AA NN INCLUSES	DECN	 17.95 CHF 
ACD003020	VDN TRY ME PLASTIQUE PILES 3XAA NON INCLUSES 24X15.7X17CM	DECN	 29.95 CHF 
AWR203980	CANNE A SUCRE 8 LEDS 20X34CM 3XLR44 INCLUES	DECN	 5.50 CHF 
BO5498/SM	BOUGIE VERRE FUME CARROUSEL 11CM	DECN	 6.50 CHF 
DB000008	GEL NETTOYANT CANALISATION	DROG	 3.50 CHF 
F00101	GOMMAGE VISAGE PECHE	BEAU	 2.75 CHF 
S99218	80 LINGETTES SDB ANTI-BACTERIEN	DROG	 3.75 CHF 
SC29106	FAUX CILS MAGNETIQUES	MAQU	 4.95 CHF 
ST03731	BOITE METAL NOEL RONDE 10.5X11CM	DECN	 2.75 CHF 
ST06685	BOITE DE RANGEMENT NOEL FORME BOULE 11.5X12.5X4CM	DECN	 1.50 CHF 
177331	DECO INTERIEURE PANCARTE PERE NOEL MDF 38 LED 53*29*5CM	DECN	 24.95 CHF 
ST03742	PERE NOEL FAUSSE FOURRURE DEBOUT 60CM	DECN	 19.95 CHF 
121819	PANCARTE BOIS STOP PN 90CM	DECN	 14.95 CHF 
143263	TUBE DENTIFRICE MAX WHITE PROTECTION CONTRE LES TACHES	HYGI	 2.50 CHF 
184400S	SUSPENSION DE NOEL BOUQUET PAILLETTE OR	DECN	 2.50 CHF 
192284	SUSPENSION DE NOEL GLAND CUIVRE 13CM	DECN	 2.75 CHF 
46513	LIVRES DISNEY ASSORTIMENT	LIVR	 8.50 CHF 
66877	GUIRLANDE 10 SUCRE D'ORGE CANNE 10 NANO LED 135CM	DECN	 8.50 CHF 
69646931	EPONGE SCRUB DADDY ESSENTIALS	DROG	 3.75 CHF 
69646933	EPONGE SCRUB MOMMY ESSENTIALS	DROG	 3.75 CHF 
AX8510010	MICROCLUSTER EXT PGM 8FT CLI 560 LED BLC FROID IP44 11M SECTEUR	DECN	 27.95 CHF 
GW-13046	RL PAPIER CADEAU LICENCE NOEL PRINCESSE/CARS 70X200	PKDO	 1.50 CHF 
GW-13047	RL PAPIER CADEAU LICENCE NOEL MICKEY/WINNIE 70X200	PKDO	 1.50 CHF 
HD9271/SM	CALENDRIER PERPETUEL LUMINEUX BOIS 20CM	DECN	 9.50 CHF 
ST08019	500 COTON TIGES BAMBOU	HYGI	 2.75 CHF 
ST11437	CADEAU DE NOEL EN CERAMIQUE BLANC RUBAN ROUGE  6.7X6.5X9.2CM	DECN	 3.75 CHF 
ST11616	ETOILE DE NOEL CERAMIQUE 12X3X11.3CM 3XLR44 INCLUE	DECN	 4.50 CHF 
S749	SACHET POPCORN CARAMEL	BONB	 1.75 CHF 
00370	50 CARRES A DEMAQUILLER COTON + MICROFIBRES	HYGI	 1.50 CHF 
135100	GEL DOUCHE PLAISIR FRUITES PASSION MANDARINE	HYGI	 2.50 CHF 
18340	GOMMAGE CORPS STIMULANT MONOI A LA FOLIE	BEAU	 3.75 CHF 
33447	HUILE DE TOURNESOL	EPIC	 3.75 CHF 
5517N	DOUCHE ET BAIN LAIT REVITALISANT FRAISE MENTHE	HYGI	 5.50 CHF 
61032841	DENTIFRICE BLANCHEUR AVEC BICARBONATE DE SOUDE	HYGI	 1.95 CHF 
6983487	GEL VAISSELLE CONCENTRE VINAIGRE DE CIDRE	DROG	 4.95 CHF 
6983494	GEL VAISSELLE CONCENTRE CITRON VERT	DROG	 4.95 CHF 
S510677	2 BLOCS WC MULTIBLOCS FLEX  OCEAN	DROG	 1.95 CHF 
S99218	80 LINGETTES SDB ANTI-BACTERIEN	DROG	 3.75 CHF 
188292	TOISE ENFANT  LICORNE BOIS 30X130CM	DECO	 12.95 CHF 
334SA05/ME44	2 PLATS RECTANGULAIRES EN VERRE 35C22 + 39X24 CM	CUIS	 12.95 CHF 
48736200H	20 ASSIETTES EN CARTON 23CM ROUGE	JETA	 3.75 CHF 
48737030H	40 SERVIETTES OUATE 40X40CM 3 PLIS ROUGE	JETA	 2.95 CHF 
62531	CENDRIER MELAMINE ROND OUVERT 13X3CM	DECO	 1.50 CHF 
BO53042/SM	BOUGIE CHAPITEAU D6,5XH9CM	DECO	 2.75 CHF 
POCHPA005	POCHE PATISSERIE 26CM+3 EMBOUTS	TABL	 1.95 CHF 
SACHET001	10 SACHETS COOKIES 23.5X14.5CM	TABL	 1.50 CHF 
1301579	POWEL GEL EXTREME INVISIBLE FIXATION TRES FORTE 5	BEAU	 4.50 CHF 
137175	BOUGIE PERE NOEL ASSIS SAPIN PARAFFINE 6.5*9CM	DECN	 2.75 CHF 
141540	RUBAN PAILLETTES 4 MODELES 50MMX3M	PKDO	 1.95 CHF 
147138	MINI BOCAL FLOCONS/ETOILES 8X5.2X8CM	DECN	 3.75 CHF 
151685B	HOTTE JUTE LIVRAISON SPECIALE 50X70CM	DECN	 5.75 CHF 
163525J	BOULE EN PAPIER IMPRIMEE 7.5CM	DECN	 1.50 CHF 
163667	SUSPENSION BOIS SAPIN PAYSAGE 3D 11CM	DECN	 3.50 CHF 
166583	SHAMPOING EXPERT MECHES	HYGI	 4.95 CHF 
192330	SUSPENSION DE NOEL RENNE RUBAN 14CM	DECN	 1.75 CHF 
21033208	COLORATION FLASHBACK N15 NOIR	COLO	 4.95 CHF 
2327909	PATE ARGILEUSE MODELANTE ET MATIFIANTE	BEAU	 4.50 CHF 
2418000	GEL DOUCHE HYDRATE ET NOURRIT ABRICOT ET NOISETTE	HYGI	 3.95 CHF 
310691	RAMETTE DE PAPIER 500 FEUILLES A4 80GSM	PAPE	 7.50 CHF 
32132	SACHET DE CHIPS NATURE LA GOURMANDE	EPIC	 3.50 CHF 
337347A	POCHETTE 12 DECO BOIS 6ASS SAPIN/ETOILE/FLOCON - NATUREL/ROUGE 5CM	DECN	 2.75 CHF 
370536	12 MINI SACHETS DE SKITTLES AUX FRUITS	BONB	 4.50 CHF 
4232209	SACHET DE SUCETTES GOUT CARAMBAR	BONB	 1.75 CHF 
48753	STICKER NOEL EN RELIEF PAILLETTES 30X40CM 12ASS	DECN	 3.50 CHF 
49447	17 TABLETTES LAVE LINGE ANTI CALCAIRE HYGIENE+	DROG	 6.50 CHF 
507331	MASQUE DEPILATOIRE 3 EN 1 RITUEL MINERAL	BEAU	 4.50 CHF 
61029962	LIQUIDE VAISSELLE POWER EUCALYPTUS	DROG	 2.50 CHF 
668207	DEO STICK SKIN PROTECT	HYGI	 3.50 CHF 
694518H	FLEUR DE NOEL 11 BDN 3CM	DECN	 4.50 CHF 
719901-ST	GUIRLANDE STALACTITE 10 LED PLASTIQUE 120CM	DECN	 6.50 CHF 
755087-ST	GUIRLANDE AVEC 8 PETITS SAPINS LED 120CM	DECN	 6.50 CHF 
767500000	CHEMIN DE TABLE ORGANZA PAILLETTES 30X500CM OR	DECN	 3.95 CHF 
82334-05400-04	CREME DE TEINT 6 EN BB, CREAM MEDIUM	MAQU	 6.50 CHF 
872902	4 RASOIRS CONFORT 3 SENSITIVE	BEAU	 2.75 CHF 
890614	24 FEUTRES DE COLORIAGE	ECRI	 4.50 CHF 
ST04311	PROTECTION PARE BRISE ANTI GEL 180*80 CM	AUTO	 2.95 CHF 
ST04312	GRATTOIR 28X9.5CM	AUTO	 1.95 CHF 
ST05732	SAC CADEAU NOEL MAXI JUMBO 50X16X70CM	PKDO	 2.50 CHF 
05916	DOUCHE ET BAIN HYDRATANT CERISE NOIRE ET PISTACHE	HYGI	 5.50 CHF 
122229-1	BOUGIE BOULE VERRE + DECO 12X10CM	DECN	 6.95 CHF 
137968	BOULE EN VERRE NOEL ETOILE 8CM	DECN	 3.50 CHF 
144611	TAPIS NEIGE PAILLETTES 200X100 CM 80GR	DECN	 6.50 CHF 
148308	2 BROSSES A DENTS MAX WHITE CHARBON SOFT	HYGI	 3.75 CHF 
175944	SUSPENSION BOIS 3 RENNES NOEL 17CM	DECN	 2.75 CHF 
176698	BRANCHE PALMIER DORE 75CM	DECN	 3.75 CHF 
190309-ST	6 SUSPENSIONS CHEVAL A BASCULE BOIS 2,7X8,5CM	DECN	 5.50 CHF 
250972	MASQUE INTENSE NUTRITION EXTREME OLIVE MYTHIQUE	BEAU	 4.95 CHF 
282755	LIVRE D'ACTIVITES DISNEY	LIVR	 4.95 CHF 
338709S	PIC NOEL BOIS 3AST BN/PN/CERF 22X0.5X60CM	DECN	 6.95 CHF 
44957	100 LINGETTES NETTOYANTES OPTIQUE	DROG	 3.75 CHF 
500039	TUBE DENTIFRICE TRIPLE PROTECTION MENTHE FRAICHE	HYGI	 1.75 CHF 
56515-ST079	CIMIER 19CM ROUGE/BLANC 2ASS	DECN	 3.50 CHF 
61029963	LIQUIDE VAISSELLE POWER FRUITS ROUGES	DROG	 2.50 CHF 
69561102	70 DOSES GEL LAVE VAISSELLE TOUT EN 1	DROG	 8.50 CHF 
8897253	4 RASOIRS 3 LAMES MISS SOLEIL	BEAU	 4.50 CHF 
995263N	DOUCHE GOMMAGE LE SUCRE DE VIOLETTE	HYGI	 2.95 CHF 
ST05732	SAC CADEAU NOEL MAXI JUMBO 50X16X70CM	PKDO	 2.50 CHF 
1000025005	SOLUTION MICELLAIRE DEMAQUILLANTE PEAUX SENSIBLES SECHES ET IRRITEES	BEAU	 3.75 CHF 
141731	BONNET NOEL FEUTRINE	DECN	 0.75 CHF 
143691	BOUGIE PHP VERRE 8CM RG/OR/BL/ARG	DECN	 2.75 CHF 
144611	TAPIS NEIGE PAILLETTES 200X100 CM 80GR	DECN	 6.50 CHF 
162658	12 SACHETS 2EN1 ACTION ULTIME DECOLOR STOP + HYGIENE PROPRETE	DROG	 4.95 CHF 
163525A	BOULE EN PAPIER IMPRIMEE 7.5CM	DECN	 1.50 CHF 
192071	SUPENSION DE NOEL ETOILE 14CM	DECN	 2.50 CHF 
192282	SUSPENSION DE NOEL CHAMPIGNON OR PAILLETTE 14CM	DECN	 2.50 CHF 
200068738	10 ETUIS DE 10 MOUCHOIRS ESSENTIAL	HYGI	 1.95 CHF 
2034302	BOUGIE PARFUMEE FLEUR DE VANILLE ROMANTIQUE	DROG	 3.75 CHF 
35097	GEL DOUCHE EVASION TROPICALE	HYGI	 2.50 CHF 
4LR03VA	4 PILES ALCALINES LR03-AAA	PILE	 2.75 CHF 
61031633	95 DOSES ADOUCISSANT CONCENTRE FRAICHEUR TROPICALE	DROG	 7.50 CHF 
62053-ST079	COURONNE DE NOEL 30CM	DECN	 12.95 CHF 
68884937	DENTIFRICE WHITE NOW SUPER PURE BLANCHEUR + ANTI TACHE	HYGI	 2.75 CHF 
767500010	CHEMIN DE TABLE ORGANZA PAILLETTES 30X500CM ARGENT	DECN	 3.95 CHF 
878267	LASER EXT 10M PROJEC 8 FCTNS TELECO PIQUE+PIED 15X10X28CM	DECN	 34.95 CHF 
ST03741	PERE NOEL FAUSSE FOURRURE DEBOUT 40CM	DECN	 12.95 CHF 
ST14388	SAC CADEAU MEDIUM NOEL 26X12X32CM	PKDO	 1.50 CHF 
104002	DEO BILLE PURE EFFICACITE PEAUX SENSIBLES 48H	HYGI	 2.75 CHF 
122127	STICKER STRASS ETOILE/CERF BLANC 29X41CM 4ASS	DECN	 4.95 CHF 
122132	STICKER TRADITION RELIEF + PAILLETTES 29X41CM	DECN	 4.50 CHF 
151602	STICKER PN/BN/PG FLOQUE 29X40CM	DECN	 3.50 CHF 
17311	SHAMPOOING PURIFIANT RITUEL D'ARGILE	HYGI	 3.50 CHF 
64294-ST079	GUIRLANDE NATURE VERT FONCE/NEIGE 2MX9CM	DECN	 2.75 CHF 
784292-ST	COURONNE DE NOEL AVEC SAPIN ET GUIRLANDE LED 30CM DE DIA	DECN	 12.95 CHF 
ST02366	SAPIN BOIS + DECO H40X17CM TRADI	DECN	 7.50 CHF 
ST02722	KIT DE VOYAGE 3 FLACONS 1 VAPORISATEUR ET 2 POTS	BEAU	 3.50 CHF 
ST02877	100 TUBES FLUORESCENTS	FETE	 7.50 CHF 
ST03197	SUPPORT DE TELEPHONE OU GPS POUR VOITURE 9X8X21CM	AUTO	 7.50 CHF 
ST05257	CASSE NOISETTE BOIS PAILLETTES 10X39X10CM	DECN	 12.95 CHF 
ST05554	MERRY CHRISTMAS PAILLETTES MDF A SUSPENDRE 36X18.5X0.6CM	DECN	 1.95 CHF 
ST06731	COUPELLE TRANSPARENTE DECOR NOEL 21X21X5.5CM	DECN	 1.50 CHF 
ST06747	CASSE NOISETTE BOIS CLASSIQUE 30CM	DECN	 8.50 CHF 
ST06957	VDN LED + MUSIQUE PN QUI BOUGE 15X14X11.5CM PILES INCLUSES	DECN	 17.95 CHF 
ST08982	4 BOITES NOEL 5X5X7CM	DECN	 1.50 CHF 
ST09031	4 SUCRES D'ORGE LUMINEUX 44CMX3CM	DECN	 12.95 CHF 
ST09070	5 PINCES PORTE-PRENOM 4.8X2.8X1CM	DECN	 2.75 CHF 
ST09092	GUIRLANDE VERTE 15M	DECN	 5.50 CHF 
ST09275	JOYEUSES FETES A SUSPENDRE 59X35CM	DECN	 2.95 CHF 
ST09766	TAPIS EDUCATION CHIOT 60X40CM 26 PCS	ANIM	 6.50 CHF 
ST10754	ASSIETTE DE PRESENTATION AJOUREE 33CM	DECN	 1.95 CHF 
ST10756	ASSIETTE DE PRESENTATION DECOR NOEL	DECN	 1.95 CHF 
ST20481	9 BOULES 6CM EN TUBE PVC ROUGE/OR	DECN	 2.75 CHF 
ST21940	NAPPE DE NOEL FIL METAL 140X280CM	DECN	 19.95 CHF 
03999	DEO BILLE PURE EFFICACITE 48H	HYGI	 2.75 CHF 
11194	PILES SIMPLY AA X6	PILE	 4.75 CHF 
121272	POCHON BILLES CROQUANTES ENROBEES DE CHOCOLAT AU LAIT	BONB	 3.75 CHF 
12218	HUILE DE MASSAGE AUX HUILES ESSENTIELLES	BEAU	 3.95 CHF 
144618	FRISE PAILLETTES COULEE DE NEIGE 35X200CM 80GR	DECN	 3.50 CHF 
152186D	ROULEAU TISSU POLYESTER OR 28X500CM	DECN	 3.75 CHF 
153622	SUSPENSION BOIS PANCARTE 21X0.5X29CM	DECN	 4.50 CHF 
20227	VOITURE RC PIXIE 1/12E	JOUE	 32.95 CHF 
358250	SACHET CRISPY ENROBEE CHOCOLAT	BONB	 3.75 CHF 
36385	ROLLAFIX RUBAN D'EMBALLAGE BRUN 3 X 50M	BRIC	 8.50 CHF 
40678833	10 CARNETS DE 100 FEUILLES A ROULER NORMAL	FUME	 10.95 CHF 
5509N	DOUCHE ET BAIN LAIT ADOUCISSANT LA VIOLETTE	HYGI	 5.50 CHF 
56516-ST079	CIMIER 19CM OR/ARGENT 2ASS	DECN	 3.50 CHF 
755083-ST	GUIRLANDE ETOILE LED + CLIP 180CM	DECN	 6.50 CHF 
8221162	5 RASOIRS 2 LAMES TWIN LADY	BEAU	 1.75 CHF 
ST01234	SAPIN BOIS+CORDE 87X62CM	DECN	 3.95 CHF 
ST01511	NAPPE DE NOEL VOILE 140X300CM	DECN	 9.95 CHF 
ST03739	PERE NOEL FAUSSE FOURRURE + SKI/TRAINEAU/LUGE 18CM	DECN	 3.75 CHF 
ST03741	PERE NOEL FAUSSE FOURRURE DEBOUT 40CM	DECN	 12.95 CHF 
ST05555	WELCOME/NOEL MDF A SUSPENDRE 24X18X0.6CM	DECN	 1.75 CHF 
ST09059	RENNE/PN/BN/BEAR BOIS CALENDRIER 4ASS	DECN	 1.95 CHF 
ST10758	ASSIETTE DE PRESENTATION DECOR RELIEF 33CM	DECN	 1.95 CHF 
ST11588	6 ASSIETTES BLANCHES LISERET 26CM 2ASS ARGENT/DORE	DECN	 3.50 CHF 
ST21901	COURONNE PERE NOEL/BONHOMME DE NEIGE PELUCHE 33CM	DECN	 9.95 CHF 
144605	JUPE DE SAPIN PAILLETTES 100CM 80GR	DECN	 3.50 CHF 
191080	RENNE LUMINEUX EXTERIEUR 40 LED POLYSTYRENE	DECN	 37.95 CHF 
25398	TUBO 100 SOUCOUPES ACIDULEES CLASSIQUES	BONB	 5.75 CHF 
40127	STICKER NOEL EFFET PAILLETTES 3D 30X50CM	DECN	 3.75 CHF 
40807005	32 ALLUME FEU CUBES BOIS COMPRESSE VEGETAL	OUTD	 1.50 CHF 
750486A	DECO VITRES PAILLETTES TRAD 30X42CM 8ASS	DECN	 1.50 CHF 
ST02375	ANIMAL ECUREUIL/OURS/RN/PINGOUIN POLYFOAM  10X9X13CM	DECN	 2.75 CHF 
ST02463	BN 1 LED MULTICO EVA 22X8.5X8.5CM PILES 3XLR44 INCLUSES	DECN	 3.75 CHF 
ST05259	CASSE NOISETTE BOIS CLASSIQUE 11X37X9CM	DECN	 10.95 CHF 
ST06701	SET DE TABLE NOEL 38X38CM	DECN	 1.50 CHF 
ST06768	4 RENNES DECO PAILLETTES 14CM	DECN	 1.50 CHF 
ST08873	TUBES FLUORESCENTS FANTAISIE 3 ASST	FETE	 2.75 CHF 
ST11194	SOUS ASSIETTE EN PLASTIQUE RONDE 33X1.5X33CM	DECN	 1.95 CHF 
ST11196	SOUS ASSIETTE EN PLASTIQUES RONDE EFFET CRAQUE  33X1.5X33CM	DECN	 1.95 CHF 
ST11589	10 ASSIETTES BLANCHES LISERET 19CM 2ASS ARGENT/DORE	DECN	 2.95 CHF 
ST14380N	SAC CADEAU NAISSANCE MEDIUM 26X12X32CM	PKDO	 1.50 CHF 
X76310020	ALLUMETTES GEANTES BARBECUE 27CM BOITE 60 PCES	OUTD	 2.75 CHF 
40509369	TROUSSE DE TOILETTE ENFANT	BEAU	 6.50 CHF 
40678833	10 CARNETS DE 100 FEUILLES A ROULER NORMAL	FUME	 10.95 CHF 
40682059	8 CARNETS DE 32 FEUILLES LONGUES NATURAL	FUME	 6.95 CHF 
AI00728	BONNET ANTHRACITE	ACTH	 9.95 CHF 
LI01782	SWEAT DOUBLE AVEC ANIMATION 8/12A	VETE	 19.95 CHF 
MJ00081	POUPON 4 MODELES 33CM	JOUE	 12.95 CHF 
SM00074	MARTEAU ET BALLES	JOUE	 9.95 CHF 
ST06750	2 OURSONS QUI JOUENT + BANQUISE 26X16X17CM	DECN	 9.95 CHF 
ST10807	PR GANTS CUIR BOUTONS - PIQURE - BOUTONS	ACTF	 12.95 CHF 
